long,long,str,None,None,None,None,None,None,None,None,None,None,None,None,None,None,None,flags,None,None,None,None,None,None,None,None,None,None,None,None,None,None,None,None,flags,float,long,bool,long,
3,0,"Long",,,,,,,,,,,,,,,,0xFF01FE,,,,,,,,,,,,,,,,,0xFF01ED,1.0,11,0,0,
4,0,"Foxtail",,,,,,,,,,,,,,,,0xFF01FE,,,,,,,,,,,,,,,,,0xFF01ED,1.0,11,0,1,
5,0,"Braids",,,,,,,,,,,,,,,,0xFF01FE,,,,,,,,,,,,,,,,,0xFF01ED,1.0,11,0,2,
6,0,"Swept",,,,,,,,,,,,,,,,0xFF01FE,,,,,,,,,,,,,,,,,0xFF01ED,1.0,11,0,3,
7,0,"Spiked Tail",,,,,,,,,,,,,,,,0xFF01FE,,,,,,,,,,,,,,,,,0xFF01ED,1.0,11,0,4,
8,0,"Beaded Braid",,,,,,,,,,,,,,,,0xFF01FE,,,,,,,,,,,,,,,,,0xFF01ED,1.0,11,0,5,
9,0,"Horned",,,,,,,,,,,,,,,,0xFF01FE,,,,,,,,,,,,,,,,,0xFF01ED,1.0,11,0,6,
10,0,"Looped Tail",,,,,,,,,,,,,,,,0xFF01FE,,,,,,,,,,,,,,,,,0xFF01ED,1.0,11,0,7,
11,0,"Bald",,,,,,,,,,,,,,,,0xFF01FE,,,,,,,,,,,,,,,,,0xFF01EC,1.0,11,0,8,
19,2,"Bare",,,,,,,,,,,,,,,,0xFF01FE,,,,,,,,,,,,,,,,,0xFF01EC,0.75,11,0,0,
20,2,"Splayed Tendrils",,,,,,,,,,,,,,,,0xFF01FE,,,,,,,,,,,,,,,,,0xFF01EC,0.75,11,0,1,
21,2,"Burns",,,,,,,,,,,,,,,,0xFF01FE,,,,,,,,,,,,,,,,,0xFF01EC,0.75,11,0,2,
22,2,"Chops",,,,,,,,,,,,,,,,0xFF01FE,,,,,,,,,,,,,,,,,0xFF01EC,0.75,11,0,3,
23,2,"Mustachioed",,,,,,,,,,,,,,,,0xFF01FE,,,,,,,,,,,,,,,,,0xFF01EC,0.75,11,0,4,
24,2,"Soul Patch",,,,,,,,,,,,,,,,0xFF01FE,,,,,,,,,,,,,,,,,0xFF01EC,0.75,11,0,5,
25,2,"Goatee",,,,,,,,,,,,,,,,0xFF01FE,,,,,,,,,,,,,,,,,0xFF01EC,0.75,11,0,6,
26,2,"Twin Tendrils",,,,,,,,,,,,,,,,0xFF01FE,,,,,,,,,,,,,,,,,0xFF01EC,0.75,11,0,7,
27,0,"Straight",,,,,,,,,,,,,,,,0xFF01FE,,,,,,,,,,,,,,,,,0xFF01EC,1.0,1,1,0,
28,0,"Loose",,,,,,,,,,,,,,,,0xFF01FE,,,,,,,,,,,,,,,,,0xFF01EC,1.0,1,1,1,
29,0,"Bangs",,,,,,,,,,,,,,,,0xFF01FE,,,,,,,,,,,,,,,,,0xFF01EC,1.0,1,1,2,
30,0,"Full",,,,,,,,,,,,,,,,0xFF01FE,,,,,,,,,,,,,,,,,0xFF01EC,1.0,1,1,3,
31,0,"Parted Long",,,,,,,,,,,,,,,,0xFF01FE,,,,,,,,,,,,,,,,,0xFF01EC,1.0,1,1,4,
32,0,"Flipped",,,,,,,,,,,,,,,,0xFF01FE,,,,,,,,,,,,,,,,,0xFF01EC,1.0,1,1,5,
33,0,"Tomboy",,,,,,,,,,,,,,,,0xFF01FE,,,,,,,,,,,,,,,,,0xFF01EC,1.0,1,1,6,
34,0,"Pony Right",,,,,,,,,,,,,,,,0xFF01FE,,,,,,,,,,,,,,,,,0xFF01EC,1.0,1,1,7,
35,0,"Pony Left",,,,,,,,,,,,,,,,0xFF01FE,,,,,,,,,,,,,,,,,0xFF01EC,1.0,1,1,8,
36,0,"Bobbed",,,,,,,,,,,,,,,,0xFF01FE,,,,,,,,,,,,,,,,,0xFF01EC,1.0,1,1,9,
37,0,"Layered",,,,,,,,,,,,,,,,0xFF01FE,,,,,,,,,,,,,,,,,0xFF01EC,1.0,1,1,10,
38,0,"Short",,,,,,,,,,,,,,,,0xFF01FE,,,,,,,,,,,,,,,,,0xFF01EC,1.0,1,1,11,
39,0,"Flirty",,,,,,,,,,,,,,,,0xFF01FE,,,,,,,,,,,,,,,,,0xFF01EC,1.0,1,1,12,
40,0,"Waved",,,,,,,,,,,,,,,,0xFF01FE,,,,,,,,,,,,,,,,,0xFF01EC,1.0,1,1,13,
41,0,"Bun",,,,,,,,,,,,,,,,0xFF01FE,,,,,,,,,,,,,,,,,0xFF01EC,1.0,1,1,14,
42,0,"Parted Short",,,,,,,,,,,,,,,,0xFF01FE,,,,,,,,,,,,,,,,,0xFF01EC,1.0,1,1,15,
43,0,"Waved Bob",,,,,,,,,,,,,,,,0xFF01FE,,,,,,,,,,,,,,,,,0xFF01EC,1.0,1,1,16,
44,0,"Rushed",,,,,,,,,,,,,,,,0xFF01FE,,,,,,,,,,,,,,,,,0xFF01EC,1.0,1,1,17,
55,2,"Unpierced",,,,,,,,,,,,,,,,0xFF01FE,,,,,,,,,,,,,,,,,0xFF01EC,0.75,1,1,0,
56,2,"Earrings",,,,,,,,,,,,,,,,0xFF01FE,,,,,,,,,,,,,,,,,0xFF01EC,0.75,1,1,1,
57,2,"Upper Earrings",,,,,,,,,,,,,,,,0xFF01FE,,,,,,,,,,,,,,,,,0xFF01EC,0.75,1,1,2,
58,2,"Double Upper Earrings",,,,,,,,,,,,,,,,0xFF01FE,,,,,,,,,,,,,,,,,0xFF01EC,0.75,1,1,3,
59,2,"Full Earrings",,,,,,,,,,,,,,,,0xFF01FE,,,,,,,,,,,,,,,,,0xFF01EC,0.75,1,1,4,
60,2,"Nose Ring",,,,,,,,,,,,,,,,0xFF01FE,,,,,,,,,,,,,,,,,0xFF01EC,0.75,1,1,5,
61,2,"Nose & Brow Rings",,,,,,,,,,,,,,,,0xFF01FE,,,,,,,,,,,,,,,,,0xFF01EC,0.75,1,1,6,
62,0,"Soaked",,,,,,,,,,,,,,,,0xFF01FE,,,,,,,,,,,,,,,,,0xFF01EC,1.0,1,1,18,
63,0,"Bald",,,,,,,,,,,,,,,,0xFF01FE,,,,,,,,,,,,,,,,,0xFF01EC,1.0,1,0,0,
64,0,"Peasant",,,,,,,,,,,,,,,,0xFF01FE,,,,,,,,,,,,,,,,,0xFF01EC,1.0,1,0,1,
65,0,"Soldier",,,,,,,,,,,,,,,,0xFF01FE,,,,,,,,,,,,,,,,,0xFF01EC,1.0,1,0,2,
66,0,"Monk",,,,,,,,,,,,,,,,0xFF01FE,,,,,,,,,,,,,,,,,0xFF01EC,1.0,1,0,3,
67,0,"Barbarian",,,,,,,,,,,,,,,,0xFF01FE,,,,,,,,,,,,,,,,,0xFF01EC,1.0,1,0,4,
68,0,"Dashing",,,,,,,,,,,,,,,,0xFF01FE,,,,,,,,,,,,,,,,,0xFF01EC,1.0,1,0,5,
69,0,"Loose",,,,,,,,,,,,,,,,0xFF01FE,,,,,,,,,,,,,,,,,0xFF01EC,1.0,1,0,6,
70,0,"Courtier",,,,,,,,,,,,,,,,0xFF01FE,,,,,,,,,,,,,,,,,0xFF01EC,1.0,1,0,7,
71,0,"Scholar",,,,,,,,,,,,,,,,0xFF01FE,,,,,,,,,,,,,,,,,0xFF01EC,1.0,1,0,8,
72,0,"Rogue",,,,,,,,,,,,,,,,0xFF01FE,,,,,,,,,,,,,,,,,0xFF01EC,1.0,1,0,9,
73,0,"Fabulous",,,,,,,,,,,,,,,,0xFF01FE,,,,,,,,,,,,,,,,,0xFF01EC,1.0,1,0,10,
74,0,"Samson",,,,,,,,,,,,,,,,0xFF01FE,,,,,,,,,,,,,,,,,0xFF01EC,1.0,1,0,11,
85,2,"Bearded",,,,,,,,,,,,,,,,0xFF01FE,,,,,,,,,,,,,,,,,0xFF01EC,0.75,1,0,0,
86,2,"Colonel",,,,,,,,,,,,,,,,0xFF01FE,,,,,,,,,,,,,,,,,0xFF01EC,0.75,1,0,1,
87,2,"Duelist",,,,,,,,,,,,,,,,0xFF01FE,,,,,,,,,,,,,,,,,0xFF01EC,0.75,1,0,2,
88,2,"Goatee",,,,,,,,,,,,,,,,0xFF01FE,,,,,,,,,,,,,,,,,0xFF01EC,0.75,1,0,3,
89,2,"Wizard",,,,,,,,,,,,,,,,0xFF01FE,,,,,,,,,,,,,,,,,0xFF01EC,0.75,1,0,4,
90,2,"Chops",,,,,,,,,,,,,,,,0xFF01FE,,,,,,,,,,,,,,,,,0xFF01EC,0.75,1,0,5,
91,2,"Van Dyke",,,,,,,,,,,,,,,,0xFF01FE,,,,,,,,,,,,,,,,,0xFF01EC,0.75,1,0,6,
92,2,"Mustachioed",,,,,,,,,,,,,,,,0xFF01FE,,,,,,,,,,,,,,,,,0xFF01EC,0.75,1,0,7,
93,2,"Clean",,,,,,,,,,,,,,,,0xFF01FE,,,,,,,,,,,,,,,,,0xFF01EC,0.75,1,0,8,
125,0,"Straight",,,,,,,,,,,,,,,,0xFF01FE,,,,,,,,,,,,,,,,,0xFF01EC,1.0,11,1,0,
126,0,"Flipped",,,,,,,,,,,,,,,,0xFF01FE,,,,,,,,,,,,,,,,,0xFF01EC,1.0,11,1,1,
127,0,"Cute",,,,,,,,,,,,,,,,0xFF01FE,,,,,,,,,,,,,,,,,0xFF01EC,1.0,11,1,2,
128,0,"Feathered",,,,,,,,,,,,,,,,0xFF01FE,,,,,,,,,,,,,,,,,0xFF01EC,1.0,11,1,3,
129,0,"Buns",,,,,,,,,,,,,,,,0xFF01FE,,,,,,,,,,,,,,,,,0xFF01EC,1.0,11,1,4,
130,0,"Jeweled Band",,,,,,,,,,,,,,,,0xFF01FE,,,,,,,,,,,,,,,,,0xFF01EC,1.0,11,1,5,
131,0,"Bangs",,,,,,,,,,,,,,,,0xFF01FE,,,,,,,,,,,,,,,,,0xFF01EC,1.0,11,1,6,
132,0,"Elegant",,,,,,,,,,,,,,,,0xFF01FE,,,,,,,,,,,,,,,,,0xFF01EC,1.0,11,1,7,
133,0,"Bounce",,,,,,,,,,,,,,,,0xFF01FE,,,,,,,,,,,,,,,,,0xFF01EC,1.0,11,1,8,
134,0,"Nape",,,,,,,,,,,,,,,,0xFF01FE,,,,,,,,,,,,,,,,,0xFF01EC,1.0,11,1,9,
135,0,"Sassy",,,,,,,,,,,,,,,,0xFF01FE,,,,,,,,,,,,,,,,,0xFF01EC,1.0,11,1,10,
143,2,"Sweeping",,,,,,,,,,,,,,,,0xFF01FE,,,,,,,,,,,,,,,,,0xFF01EC,0.75,11,1,0,
144,2,"Curled",,,,,,,,,,,,,,,,0xFF01FE,,,,,,,,,,,,,,,,,0xFF01EC,0.75,11,1,1,
145,2,"Arced",,,,,,,,,,,,,,,,0xFF01FE,,,,,,,,,,,,,,,,,0xFF01EC,0.75,11,1,2,
146,2,"High",,,,,,,,,,,,,,,,0xFF01FE,,,,,,,,,,,,,,,,,0xFF01EC,0.75,11,1,3,
147,2,"Spread",,,,,,,,,,,,,,,,0xFF01FE,,,,,,,,,,,,,,,,,0xFF01EC,0.75,11,1,4,
148,2,"Grand",,,,,,,,,,,,,,,,0xFF01FE,,,,,,,,,,,,,,,,,0xFF01EC,0.75,11,1,5,
149,2,"Short",,,,,,,,,,,,,,,,0xFF01FE,,,,,,,,,,,,,,,,,0xFF01EC,0.75,11,1,6,
175,0,"High Tail",,,,,,,,,,,,,,,,0xFF01FE,,,,,,,,,,,,,,,,,0xFF01EC,1.0,10,1,0,
176,0,"Parted Long",,,,,,,,,,,,,,,,0xFF01FE,,,,,,,,,,,,,,,,,0xFF01EC,1.0,10,1,1,
177,0,"Soaked",,,,,,,,,,,,,,,,0xFF01FE,,,,,,,,,,,,,,,,,0xFF01EC,1.0,10,1,2,
178,0,"Trouble",,,,,,,,,,,,,,,,0xFF01FE,,,,,,,,,,,,,,,,,0xFF01EC,1.0,10,1,3,
179,0,"Jeweled Band",,,,,,,,,,,,,,,,0xFF01FE,,,,,,,,,,,,,,,,,0xFF01EC,1.0,10,1,4,
180,0,"Full",,,,,,,,,,,,,,,,0xFF01FE,,,,,,,,,,,,,,,,,0xFF01EC,1.0,10,1,5,
181,0,"Tied",,,,,,,,,,,,,,,,0xFF01FE,,,,,,,,,,,,,,,,,0xFF01EC,1.0,10,1,6,
182,0,"Bun",,,,,,,,,,,,,,,,0xFF01FE,,,,,,,,,,,,,,,,,0xFF01EC,1.0,10,1,7,
183,0,"Parted Short",,,,,,,,,,,,,,,,0xFF01FE,,,,,,,,,,,,,,,,,0xFF01EC,1.0,10,1,8,
184,0,"Simple",,,,,,,,,,,,,,,,0xFF01FE,,,,,,,,,,,,,,,,,0xFF01EC,1.0,10,1,9,
185,0,"Shy",,,,,,,,,,,,,,,,0xFF01FE,,,,,,,,,,,,,,,,,0xFF01EC,1.0,10,1,10,
186,0,"Raquel",,,,,,,,,,,,,,,,0xFF01FE,,,,,,,,,,,,,,,,,0xFF01EC,1.0,10,1,11,
187,0,"Curled",,,,,,,,,,,,,,,,0xFF01FE,,,,,,,,,,,,,,,,,0xFF01EC,1.0,10,1,12,
188,0,"Headband",,,,,,,,,,,,,,,,0xFF01FE,,,,,,,,,,,,,,,,,0xFF01EC,1.0,10,1,13,
200,2,"Rubies",,,,,,,,,,,,,,,,0xFF01FE,,,,,,,,,,,,,,,,,0xFF01EC,0.75,10,1,1,
201,2,"Hoops",,,,,,,,,,,,,,,,0xFF01FE,,,,,,,,,,,,,,,,,0xFF01EC,0.75,10,1,2,
202,2,"Earrings",,,,,,,,,,,,,,,,0xFF01FE,,,,,,,,,,,,,,,,,0xFF01EC,0.75,10,1,3,
203,2,"Dangling Emeralds",,,,,,,,,,,,,,,,0xFF01FE,,,,,,,,,,,,,,,,,0xFF01EC,0.75,10,1,4,
204,2,"Emeralds & Bars",,,,,,,,,,,,,,,,0xFF01FE,,,,,,,,,,,,,,,,,0xFF01EC,0.75,10,1,5,
205,2,"Upper Earrings",,,,,,,,,,,,,,,,0xFF01FE,,,,,,,,,,,,,,,,,0xFF01EC,0.75,10,1,6,
206,2,"Pearls",,,,,,,,,,,,,,,,0xFF01FE,,,,,,,,,,,,,,,,,0xFF01EC,0.75,10,1,7,
207,2,"Dangling Rubies",,,,,,,,,,,,,,,,0xFF01FE,,,,,,,,,,,,,,,,,0xFF01EC,0.75,10,1,8,
208,2,"Emerald & Pearl Bars",,,,,,,,,,,,,,,,0xFF01FE,,,,,,,,,,,,,,,,,0xFF01EC,0.75,10,1,9,
209,2,"Rubies & Diamonds",,,,,,,,,,,,,,,,0xFF01FE,,,,,,,,,,,,,,,,,0xFF01EC,0.75,10,1,10,
245,0,"Flipped",,,,,,,,,,,,,,,,0xFF01FE,,,,,,,,,,,,,,,,,0xFF01EC,1.0,10,0,0,
246,0,"Swept",,,,,,,,,,,,,,,,0xFF01FE,,,,,,,,,,,,,,,,,0xFF01EC,1.0,10,0,1,
247,0,"Falcon",,,,,,,,,,,,,,,,0xFF01FE,,,,,,,,,,,,,,,,,0xFF01EC,1.0,10,0,2,
248,0,"Foxtail",,,,,,,,,,,,,,,,0xFF01FE,,,,,,,,,,,,,,,,,0xFF01EC,1.0,10,0,3,
249,0,"Parted Long",,,,,,,,,,,,,,,,0xFF01FE,,,,,,,,,,,,,,,,,0xFF01EC,1.0,10,0,4,
250,0,"Spiked",,,,,,,,,,,,,,,,0xFF01FE,,,,,,,,,,,,,,,,,0xFF01EC,1.0,10,0,5,
251,0,"Long Bangs",,,,,,,,,,,,,,,,0xFF01FE,,,,,,,,,,,,,,,,,0xFF01EC,1.0,10,0,6,
252,0,"Feathered Part",,,,,,,,,,,,,,,,0xFF01FE,,,,,,,,,,,,,,,,,0xFF01EC,1.0,10,0,7,
253,0,"Slicked",,,,,,,,,,,,,,,,0xFF01FE,,,,,,,,,,,,,,,,,0xFF01EC,1.0,10,0,8,
254,0,"Headband",,,,,,,,,,,,,,,,0xFF01FE,,,,,,,,,,,,,,,,,0xFF01EC,1.0,10,0,9,
255,0,"Topknot",,,,,,,,,,,,,,,,0xFF01FE,,,,,,,,,,,,,,,,,0xFF01EC,1.0,10,0,10,
266,2,"Clean",,,,,,,,,,,,,,,,0xFF01FE,,,,,,,,,,,,,,,,,0xFF01EC,0.75,10,0,0,
267,2,"Point",,,,,,,,,,,,,,,,0xFF01FE,,,,,,,,,,,,,,,,,0xFF01EC,0.75,10,0,1,
268,2,"Soul Patch",,,,,,,,,,,,,,,,0xFF01FE,,,,,,,,,,,,,,,,,0xFF01EC,0.75,10,0,2,
269,2,"Spike",,,,,,,,,,,,,,,,0xFF01FE,,,,,,,,,,,,,,,,,0xFF01EC,0.75,10,0,3,
270,2,"Pointed Chin",,,,,,,,,,,,,,,,0xFF01FE,,,,,,,,,,,,,,,,,0xFF01EC,0.75,10,0,4,
271,2,"Cropped Chin",,,,,,,,,,,,,,,,0xFF01FE,,,,,,,,,,,,,,,,,0xFF01EC,0.75,10,0,5,
272,2,"Soul Strip",,,,,,,,,,,,,,,,0xFF01FE,,,,,,,,,,,,,,,,,0xFF01EC,0.75,10,0,6,
273,2,"Dagger",,,,,,,,,,,,,,,,0xFF01FE,,,,,,,,,,,,,,,,,0xFF01EC,0.75,10,0,7,
274,2,"Goatee",,,,,,,,,,,,,,,,0xFF01FE,,,,,,,,,,,,,,,,,0xFF01EC,0.75,10,0,8,
275,2,"Styled Chin",,,,,,,,,,,,,,,,0xFF01FE,,,,,,,,,,,,,,,,,0xFF01EC,0.75,10,0,9,
307,0,"Mane",,,,,,,,,,,,,,,,0xFF01FE,,,,,,,,,,,,,,,,,0xFF01EC,1.0,4,0,0,
308,0,"Chonmage Braids",,,,,,,,,,,,,,,,0xFF01FE,,,,,,,,,,,,,,,,,0xFF01EC,1.0,4,0,1,
309,0,"Long",,,,,,,,,,,,,,,,0xFF01FE,,,,,,,,,,,,,,,,,0xFF01EC,1.0,4,0,2,
310,0,"Tail",,,,,,,,,,,,,,,,0xFF01FE,,,,,,,,,,,,,,,,,0xFF01EC,1.0,4,0,3,
311,0,"Chonmage Long",,,,,,,,,,,,,,,,0xFF01FE,,,,,,,,,,,,,,,,,0xFF01EC,1.0,4,0,4,
312,0,"Short Tail",,,,,,,,,,,,,,,,0xFF01FE,,,,,,,,,,,,,,,,,0xFF01EC,1.0,4,0,5,
313,0,"Windswept",,,,,,,,,,,,,,,,0xFF01FE,,,,,,,,,,,,,,,,,0xFF01EC,1.0,4,0,6,
322,2,"Clean",,,,,,,,,,,,,,,,0xFF01FE,,,,,,,,,,,,,,,,,0xFF01EC,0.75,4,0,0,
323,2,"Groomed",,,,,,,,,,,,,,,,0xFF01FE,,,,,,,,,,,,,,,,,0xFF01EC,0.75,4,0,1,
324,2,"Bearded",,,,,,,,,,,,,,,,0xFF01FE,,,,,,,,,,,,,,,,,0xFF01EC,0.75,4,0,2,
325,2,"Mustachioed",,,,,,,,,,,,,,,,0xFF01FE,,,,,,,,,,,,,,,,,0xFF01EC,0.75,4,0,3,
326,2,"Chops",,,,,,,,,,,,,,,,0xFF01FE,,,,,,,,,,,,,,,,,0xFF01EC,0.75,4,0,4,
327,2,"Goatee",,,,,,,,,,,,,,,,0xFF01FE,,,,,,,,,,,,,,,,,0xFF01EC,0.75,4,0,5,
349,0,"Bald",,,,,,,,,,,,,,,,0xFF01FE,,,,,,,,,,,,,,,,,0xFF01EC,1.0,3,0,0,
350,0,"Long",,,,,,,,,,,,,,,,0xFF01FE,,,,,,,,,,,,,,,,,0xFF01EC,1.0,3,0,1,
351,0,"Tail",,,,,,,,,,,,,,,,0xFF01FE,,,,,,,,,,,,,,,,,0xFF01EC,1.0,3,0,2,
352,0,"Short",,,,,,,,,,,,,,,,0xFF01FE,,,,,,,,,,,,,,,,,0xFF01EC,1.0,3,0,3,
353,0,"Topknot",,,,,,,,,,,,,,,,0xFF01FE,,,,,,,,,,,,,,,,,0xFF01EC,1.0,3,0,4,
354,0,"Short Tail",,,,,,,,,,,,,,,,0xFF01FE,,,,,,,,,,,,,,,,,0xFF01EC,1.0,3,0,5,
355,0,"Swept",,,,,,,,,,,,,,,,0xFF01FE,,,,,,,,,,,,,,,,,0xFF01EC,1.0,3,0,6,
356,0,"Receding",,,,,,,,,,,,,,,,0xFF01FE,,,,,,,,,,,,,,,,,0xFF01EC,1.0,3,0,7,
357,0,"Chonmage",,,,,,,,,,,,,,,,0xFF01FE,,,,,,,,,,,,,,,,,0xFF01EC,1.0,3,0,8,
358,0,"Braid",,,,,,,,,,,,,,,,0xFF01FE,,,,,,,,,,,,,,,,,0xFF01EC,1.0,3,0,9,
359,0,"Short Braid",,,,,,,,,,,,,,,,0xFF01FE,,,,,,,,,,,,,,,,,0xFF01EC,1.0,3,0,10,
370,2,"Full",,,,,,,,,,,,,,,,0xFF01FE,,,,,,,,,,,,,,,,,0xFF01EC,0.75,3,0,0,
371,2,"Double-Braided",,,,,,,,,,,,,,,,0xFF01FE,,,,,,,,,,,,,,,,,0xFF01EC,0.75,3,0,1,
372,2,"Groomed",,,,,,,,,,,,,,,,0xFF01FE,,,,,,,,,,,,,,,,,0xFF01EC,0.75,3,0,2,
373,2,"Short",,,,,,,,,,,,,,,,0xFF01FE,,,,,,,,,,,,,,,,,0xFF01EC,0.75,3,0,3,
374,2,"Grand Mustache",,,,,,,,,,,,,,,,0xFF01FE,,,,,,,,,,,,,,,,,0xFF01EC,0.75,3,0,4,
375,2,"Braided Mustache",,,,,,,,,,,,,,,,0xFF01FE,,,,,,,,,,,,,,,,,0xFF01EC,0.75,3,0,5,
376,2,"Styled",,,,,,,,,,,,,,,,0xFF01FE,,,,,,,,,,,,,,,,,0xFF01EC,0.75,3,0,6,
377,2,"Pointed",,,,,,,,,,,,,,,,0xFF01FE,,,,,,,,,,,,,,,,,0xFF01EC,0.75,3,0,7,
378,2,"Braided",,,,,,,,,,,,,,,,0xFF01FE,,,,,,,,,,,,,,,,,0xFF01EC,0.75,3,0,8,
379,2,"Humbug",,,,,,,,,,,,,,,,0xFF01FE,,,,,,,,,,,,,,,,,0xFF01EC,0.75,3,0,9,
380,2,"Grimbeard",,,,,,,,,,,,,,,,0xFF01FE,,,,,,,,,,,,,,,,,0xFF01EC,0.75,3,0,10,
413,0,"Topknot",,,,,,,,,,,,,,,,0xFF01FE,,,,,,,,,,,,,,,,,0xFF01EC,1.0,2,1,0,
414,0,"Tail",,,,,,,,,,,,,,,,0xFF01FE,,,,,,,,,,,,,,,,,0xFF01EC,1.0,2,1,1,
415,0,"Crest",,,,,,,,,,,,,,,,0xFF01FE,,,,,,,,,,,,,,,,,0xFF01EC,1.0,2,1,2,
416,0,"Tufts",,,,,,,,,,,,,,,,0xFF01FE,,,,,,,,,,,,,,,,,0xFF01EC,1.0,2,1,3,
417,0,"Boar Tails",,,,,,,,,,,,,,,,0xFF01FE,,,,,,,,,,,,,,,,,0xFF01EC,1.0,2,1,4,
418,0,"Horns",,,,,,,,,,,,,,,,0xFF01FE,,,,,,,,,,,,,,,,,0xFF01EC,1.0,2,1,5,
419,0,"Mane",,,,,,,,,,,,,,,,0xFF01FE,,,,,,,,,,,,,,,,,0xFF01EC,1.0,2,1,6,
420,0,"Shaved",,,,,,,,,,,,,,,,0xFF01FE,,,,,,,,,,,,,,,,,0xFF01EC,1.0,2,1,7,
429,2,"Unpierced",,,,,,,,,,,,,,,,0xFF01FE,,,,,,,,,,,,,,,,,0xFF01EC,0.75,2,1,0,
430,2,"Earrings",,,,,,,,,,,,,,,,0xFF01FE,,,,,,,,,,,,,,,,,0xFF01EC,0.75,2,1,1,
431,2,"Upper Earrings",,,,,,,,,,,,,,,,0xFF01FE,,,,,,,,,,,,,,,,,0xFF01EC,0.75,2,1,2,
432,2,"Nose Ring",,,,,,,,,,,,,,,,0xFF01FE,,,,,,,,,,,,,,,,,0xFF01EC,0.75,2,1,3,
433,2,"Nose & Earrings",,,,,,,,,,,,,,,,0xFF01FE,,,,,,,,,,,,,,,,,0xFF01EC,0.75,2,1,4,
434,2,"Nose & Upper Earrings",,,,,,,,,,,,,,,,0xFF01FE,,,,,,,,,,,,,,,,,0xFF01EC,0.75,2,1,5,
435,2,"Full Earrings",,,,,,,,,,,,,,,,0xFF01FE,,,,,,,,,,,,,,,,,0xFF01EC,0.75,2,1,6,
459,0,"Double-Braided",,,,,,,,,,,,,,,,0xFF01FE,,,,,,,,,,,,,,,,,0xFF01EC,1.0,3,1,0,
460,0,"Braided Buns",,,,,,,,,,,,,,,,0xFF01FE,,,,,,,,,,,,,,,,,0xFF01EC,1.0,3,1,1,
461,0,"Braided",,,,,,,,,,,,,,,,0xFF01FE,,,,,,,,,,,,,,,,,0xFF01EC,1.0,3,1,2,
462,0,"Boar Tails",,,,,,,,,,,,,,,,0xFF01FE,,,,,,,,,,,,,,,,,0xFF01EC,1.0,3,1,3,
463,0,"Braided Bun",,,,,,,,,,,,,,,,0xFF01FE,,,,,,,,,,,,,,,,,0xFF01EC,1.0,3,1,4,
464,0,"Looped",,,,,,,,,,,,,,,,0xFF01FE,,,,,,,,,,,,,,,,,0xFF01EC,1.0,3,1,5,
465,0,"Tied",,,,,,,,,,,,,,,,0xFF01FE,,,,,,,,,,,,,,,,,0xFF01EC,1.0,3,1,6,
466,0,"Short",,,,,,,,,,,,,,,,0xFF01FE,,,,,,,,,,,,,,,,,0xFF01EC,1.0,3,1,7,
467,0,"Parted",,,,,,,,,,,,,,,,0xFF01FE,,,,,,,,,,,,,,,,,0xFF01EC,1.0,3,1,8,
468,0,"Short Braids",,,,,,,,,,,,,,,,0xFF01FE,,,,,,,,,,,,,,,,,0xFF01EC,1.0,3,1,9,
469,0,"Bobbed",,,,,,,,,,,,,,,,0xFF01FE,,,,,,,,,,,,,,,,,0xFF01EC,1.0,3,1,10,
470,0,"Cropped",,,,,,,,,,,,,,,,0xFF01FE,,,,,,,,,,,,,,,,,0xFF01EC,1.0,3,1,11,
471,0,"Bangs & Braids",,,,,,,,,,,,,,,,0xFF01FE,,,,,,,,,,,,,,,,,0xFF01EC,1.0,3,1,12,
472,0,"Gathered",,,,,,,,,,,,,,,,0xFF01FE,,,,,,,,,,,,,,,,,0xFF01EC,1.0,3,1,13,
483,2,"Unpierced",,,,,,,,,,,,,,,,0xFF01FE,,,,,,,,,,,,,,,,,0xFF01EC,0.75,3,1,0,
484,2,"Earrings",,,,,,,,,,,,,,,,0xFF01FE,,,,,,,,,,,,,,,,,0xFF01EC,0.75,3,1,1,
485,2,"Upper Earring",,,,,,,,,,,,,,,,0xFF01FE,,,,,,,,,,,,,,,,,0xFF01EC,0.75,3,1,2,
486,2,"Double Upper Earring",,,,,,,,,,,,,,,,0xFF01FE,,,,,,,,,,,,,,,,,0xFF01EC,0.75,3,1,3,
487,2,"Nose Ring",,,,,,,,,,,,,,,,0xFF01FE,,,,,,,,,,,,,,,,,0xFF01EC,0.75,3,1,4,
488,2,"Small Earrings",,,,,,,,,,,,,,,,0xFF01FE,,,,,,,,,,,,,,,,,0xFF01EC,0.75,3,1,5,
519,0,"Tower",,,,,,,,,,,,,,,,0xFF01FE,,,,,,,,,,,,,,,,,0xFF01EC,1.0,7,1,0,
520,0,"Sprouts",,,,,,,,,,,,,,,,0xFF01FE,,,,,,,,,,,,,,,,,0xFF01EC,1.0,7,1,1,
521,0,"Boar Tails",,,,,,,,,,,,,,,,0xFF01FE,,,,,,,,,,,,,,,,,0xFF01EC,1.0,7,1,2,
522,0,"Parted",,,,,,,,,,,,,,,,0xFF01FE,,,,,,,,,,,,,,,,,0xFF01EC,1.0,7,1,3,
523,0,"Soaked",,,,,,,,,,,,,,,,0xFF01FE,,,,,,,,,,,,,,,,,0xFF01EC,1.0,7,1,4,
524,0,"Braided Buns",,,,,,,,,,,,,,,,0xFF01FE,,,,,,,,,,,,,,,,,0xFF01EC,1.0,7,1,5,
525,0,"Bobbed",,,,,,,,,,,,,,,,0xFF01FE,,,,,,,,,,,,,,,,,0xFF01EC,1.0,7,1,6,
535,2,"Unpierced",,,,,,,,,,,,,,,,0xFF01FE,,,,,,,,,,,,,,,,,0xFF01EC,0.75,7,1,0,
536,2,"Earrings",,,,,,,,,,,,,,,,0xFF01FE,,,,,,,,,,,,,,,,,0xFF01EC,0.75,7,1,1,
537,2,"Small Earrings",,,,,,,,,,,,,,,,0xFF01FE,,,,,,,,,,,,,,,,,0xFF01EC,0.75,7,1,2,
538,2,"Upper Earrings",,,,,,,,,,,,,,,,0xFF01FE,,,,,,,,,,,,,,,,,0xFF01EC,0.75,7,1,3,
539,2,"Full Earrings",,,,,,,,,,,,,,,,0xFF01FE,,,,,,,,,,,,,,,,,0xFF01EC,0.75,7,1,4,
540,2,"Left Earring",,,,,,,,,,,,,,,,0xFF01FE,,,,,,,,,,,,,,,,,0xFF01EC,0.75,7,1,5,
541,2,"Right Earring",,,,,,,,,,,,,,,,0xFF01FE,,,,,,,,,,,,,,,,,0xFF01EC,0.75,7,1,6,
565,0,"Bald",,,,,,,,,,,,,,,,0xFF01FE,,,,,,,,,,,,,,,,,0xFF01EC,1.0,7,0,0,
566,0,"Wings",,,,,,,,,,,,,,,,0xFF01FE,,,,,,,,,,,,,,,,,0xFF01EC,1.0,7,0,1,
567,0,"Groomed",,,,,,,,,,,,,,,,0xFF01FE,,,,,,,,,,,,,,,,,0xFF01EC,1.0,7,0,2,
568,0,"Cowlicked",,,,,,,,,,,,,,,,0xFF01FE,,,,,,,,,,,,,,,,,0xFF01EC,1.0,7,0,3,
569,0,"Styled",,,,,,,,,,,,,,,,0xFF01FE,,,,,,,,,,,,,,,,,0xFF01EC,1.0,7,0,4,
570,0,"Balding",,,,,,,,,,,,,,,,0xFF01FE,,,,,,,,,,,,,,,,,0xFF01EC,1.0,7,0,5,
571,0,"Combover",,,,,,,,,,,,,,,,0xFF01FE,,,,,,,,,,,,,,,,,0xFF01EC,1.0,7,0,6,
581,2,"Clean",,,,,,,,,,,,,,,,0xFF01FE,,,,,,,,,,,,,,,,,0xFF01EC,0.75,7,0,0,
582,2,"Goatee",,,,,,,,,,,,,,,,0xFF01FE,,,,,,,,,,,,,,,,,0xFF01EC,0.75,7,0,1,
583,2,"Chops",,,,,,,,,,,,,,,,0xFF01FE,,,,,,,,,,,,,,,,,0xFF01EC,0.75,7,0,2,
584,2,"Waxed",,,,,,,,,,,,,,,,0xFF01FE,,,,,,,,,,,,,,,,,0xFF01EC,0.75,7,0,3,
585,2,"Bearded",,,,,,,,,,,,,,,,0xFF01FE,,,,,,,,,,,,,,,,,0xFF01EC,0.75,7,0,4,
586,2,"Handlebars",,,,,,,,,,,,,,,,0xFF01FE,,,,,,,,,,,,,,,,,0xFF01EC,0.75,7,0,5,
587,2,"Styled",,,,,,,,,,,,,,,,0xFF01FE,,,,,,,,,,,,,,,,,0xFF01EC,0.75,7,0,6,
588,2,"Mustachioed",,,,,,,,,,,,,,,,0xFF01FE,,,,,,,,,,,,,,,,,0xFF01EC,0.75,7,0,7,
613,0,"Bald",,,,,,,,,,,,,,,,0xFF01FE,,,,,,,,,,,,,,,,,0xFF01EC,1.0,5,0,0,
614,0,"Mohawk",,,,,,,,,,,,,,,,0xFF01FE,,,,,,,,,,,,,,,,,0xFF01EC,1.0,5,0,1,
615,0,"Shaggy",,,,,,,,,,,,,,,,0xFF01FE,,,,,,,,,,,,,,,,,0xFF01EC,1.0,5,0,2,
616,0,"Wisps",,,,,,,,,,,,,,,,0xFF01FE,,,,,,,,,,,,,,,,,0xFF01EC,1.0,5,0,3,
617,0,"Spiked",,,,,,,,,,,,,,,,0xFF01FE,,,,,,,,,,,,,,,,,0xFF01EC,1.0,5,0,4,
618,0,"Wild",,,,,,,,,,,,,,,,0xFF01FE,,,,,,,,,,,,,,,,,0xFF01EC,1.0,5,0,5,
619,0,"Scholar",,,,,,,,,,,,,,,,0xFF01FE,,,,,,,,,,,,,,,,,0xFF01EC,1.0,5,0,6,
620,0,"Full",,,,,,,,,,,,,,,,0xFF01FE,,,,,,,,,,,,,,,,,0xFF01EC,1.0,5,0,7,
621,0,"Topknot",,,,,,,,,,,,,,,,0xFF01FE,,,,,,,,,,,,,,,,,0xFF01EC,1.0,5,0,8,
622,0,"Long",,,,,,,,,,,,,,,,0xFF01FE,,,,,,,,,,,,,,,,,0xFF01EC,1.0,5,0,9,
633,2,"Intact",,,,,,,,,,,,,,,,0xFF01FE,,,,,,,,,,,,,,,,,0xFF01EC,0.75,5,0,0,
634,2,"Rot-Kissed",,,,,,,,,,,,,,,,0xFF01FE,,,,,,,,,,,,,,,,,0xFF01EC,0.75,5,0,1,
635,2,"Strapped",,,,,,,,,,,,,,,,0xFF01FE,,,,,,,,,,,,,,,,,0xFF01EC,0.75,5,0,2,
636,2,"Strapped Slackjaw",,,,,,,,,,,,,,,,0xFF01FE,,,,,,,,,,,,,,,,,0xFF01EC,0.75,5,0,3,
637,2,"Strapped Drooler",,,,,,,,,,,,,,,,0xFF01FE,,,,,,,,,,,,,,,,,0xFF01EC,0.75,5,0,4,
638,2,"Rotting",,,,,,,,,,,,,,,,0xFF01FE,,,,,,,,,,,,,,,,,0xFF01EC,0.75,5,0,5,
639,2,"Rotting Slackjaw",,,,,,,,,,,,,,,,0xFF01FE,,,,,,,,,,,,,,,,,0xFF01EC,0.75,5,0,6,
640,2,"Rotting Drooler",,,,,,,,,,,,,,,,0xFF01FE,,,,,,,,,,,,,,,,,0xFF01EC,0.75,5,0,7,
641,2,"Bonejawed",,,,,,,,,,,,,,,,0xFF01FE,,,,,,,,,,,,,,,,,0xFF01EC,0.75,5,0,8,
642,2,"Jawsome",,,,,,,,,,,,,,,,0xFF01FE,,,,,,,,,,,,,,,,,0xFF01EC,0.75,5,0,9,
643,2,"Toothy",,,,,,,,,,,,,,,,0xFF01FE,,,,,,,,,,,,,,,,,0xFF01EC,0.75,5,0,10,
644,2,"Toothy Slackjaw",,,,,,,,,,,,,,,,0xFF01FE,,,,,,,,,,,,,,,,,0xFF01EC,0.75,5,0,11,
645,2,"Cheeky",,,,,,,,,,,,,,,,0xFF01FE,,,,,,,,,,,,,,,,,0xFF01EC,0.75,5,0,12,
646,2,"Cheeky Slackjaw",,,,,,,,,,,,,,,,0xFF01FE,,,,,,,,,,,,,,,,,0xFF01EC,0.75,5,0,13,
647,2,"Putrid",,,,,,,,,,,,,,,,0xFF01FE,,,,,,,,,,,,,,,,,0xFF01EC,0.75,5,0,14,
648,2,"Putrid Slackjaw",,,,,,,,,,,,,,,,0xFF01FE,,,,,,,,,,,,,,,,,0xFF01EC,0.75,5,0,15,
649,2,"Putrid Drooler",,,,,,,,,,,,,,,,0xFF01FE,,,,,,,,,,,,,,,,,0xFF01EC,0.75,5,0,16,
687,0,"Wild",,,,,,,,,,,,,,,,0xFF01FE,,,,,,,,,,,,,,,,,0xFF01EC,1.0,5,1,0,
688,0,"Shaggy",,,,,,,,,,,,,,,,0xFF01FE,,,,,,,,,,,,,,,,,0xFF01EC,1.0,5,1,1,
689,0,"Loose",,,,,,,,,,,,,,,,0xFF01FE,,,,,,,,,,,,,,,,,0xFF01EC,1.0,5,1,2,
690,0,"Windswept",,,,,,,,,,,,,,,,0xFF01FE,,,,,,,,,,,,,,,,,0xFF01EC,1.0,5,1,3,
691,0,"Long",,,,,,,,,,,,,,,,0xFF01FE,,,,,,,,,,,,,,,,,0xFF01EC,1.0,5,1,4,
692,0,"The Bride",,,,,,,,,,,,,,,,0xFF01FE,,,,,,,,,,,,,,,,,0xFF01EC,1.0,5,1,5,
693,0,"Tomboy",,,,,,,,,,,,,,,,0xFF01FE,,,,,,,,,,,,,,,,,0xFF01EC,1.0,5,1,6,
694,0,"Styled",,,,,,,,,,,,,,,,0xFF01FE,,,,,,,,,,,,,,,,,0xFF01EC,1.0,5,1,7,
695,0,"Bobbed",,,,,,,,,,,,,,,,0xFF01FE,,,,,,,,,,,,,,,,,0xFF01EC,1.0,5,1,8,
696,0,"Soaked",,,,,,,,,,,,,,,,0xFF01FE,,,,,,,,,,,,,,,,,0xFF01EC,1.0,5,1,9,
707,2,"Intact",,,,,,,,,,,,,,,,0xFF01FE,,,,,,,,,,,,,,,,,0xFF01EC,0.75,5,1,0,
708,2,"Stitched",,,,,,,,,,,,,,,,0xFF01FE,,,,,,,,,,,,,,,,,0xFF01EC,0.75,5,1,1,
709,2,"Strapped",,,,,,,,,,,,,,,,0xFF01FE,,,,,,,,,,,,,,,,,0xFF01EC,0.75,5,1,2,
710,2,"Rotting",,,,,,,,,,,,,,,,0xFF01FE,,,,,,,,,,,,,,,,,0xFF01EC,0.75,5,1,3,
711,2,"Bonejawed",,,,,,,,,,,,,,,,0xFF01FE,,,,,,,,,,,,,,,,,0xFF01EC,0.75,5,1,4,
712,2,"Toothy",,,,,,,,,,,,,,,,0xFF01FE,,,,,,,,,,,,,,,,,0xFF01EC,0.75,5,1,5,
713,2,"Cheeky",,,,,,,,,,,,,,,,0xFF01FE,,,,,,,,,,,,,,,,,0xFF01EC,0.75,5,1,6,
714,2,"Putrid",,,,,,,,,,,,,,,,0xFF01FE,,,,,,,,,,,,,,,,,0xFF01EC,0.75,5,1,7,
743,0,"Longhorn",,,,,,,,,,,,,,,,0xFF01FE,,,,,,,,,,,,,,,,,0xFF01EC,1.0,6,0,0,
744,0,"Bull",,,,,,,,,,,,,,,,0xFF01FE,,,,,,,,,,,,,,,,,0xFF01EC,1.0,6,0,1,
745,0,"Charger",,,,,,,,,,,,,,,,0xFF01FE,,,,,,,,,,,,,,,,,0xFF01EC,1.0,6,0,2,
746,0,"Broken",,,,,,,,,,,,,,,,0xFF01FE,,,,,,,,,,,,,,,,,0xFF01EC,1.0,6,0,3,
747,0,"Snapped",,,,,,,,,,,,,,,,0xFF01FE,,,,,,,,,,,,,,,,,0xFF01EC,1.0,6,0,4,
748,0,"Tiny",,,,,,,,,,,,,,,,0xFF01FE,,,,,,,,,,,,,,,,,0xFF01EC,1.0,6,0,5,
749,0,"Buffalo",,,,,,,,,,,,,,,,0xFF01FE,,,,,,,,,,,,,,,,,0xFF01EC,1.0,6,0,6,
750,0,"Gorefest",,,,,,,,,,,,,,,,0xFF01FE,,,,,,,,,,,,,,,,,0xFF01EC,1.0,6,0,7,
754,2,"Clean",,,,,,,,,,,,,,,,0xFF01FE,,,,,,,,,,,,,,,,,0xFF01EC,0.75,6,0,0,
755,2,"Triple Braids",,,,,,,,,,,,,,,,0xFF01FE,,,,,,,,,,,,,,,,,0xFF01EC,0.75,6,0,1,
756,2,"Ringed",,,,,,,,,,,,,,,,0xFF01FE,,,,,,,,,,,,,,,,,0xFF01EC,0.75,6,0,2,
757,2,"Braid",,,,,,,,,,,,,,,,0xFF01FE,,,,,,,,,,,,,,,,,0xFF01EC,0.75,6,0,3,
758,2,"Bearded",,,,,,,,,,,,,,,,0xFF01FE,,,,,,,,,,,,,,,,,0xFF01EC,0.75,6,0,4,
759,2,"Double Braids",,,,,,,,,,,,,,,,0xFF01FE,,,,,,,,,,,,,,,,,0xFF01EC,0.75,6,0,5,
760,2,"Ringed & Braided",,,,,,,,,,,,,,,,0xFF01FE,,,,,,,,,,,,,,,,,0xFF01EC,0.75,6,0,6,
779,0,"Bald",,,,,,,,,,,,,,,,0xFF01FE,,,,,,,,,,,,,,,,,0xFF01EC,1.0,2,0,0,
780,0,"Topknot",,,,,,,,,,,,,,,,0xFF01FE,,,,,,,,,,,,,,,,,0xFF01EC,1.0,2,0,1,
781,0,"Chonmage",,,,,,,,,,,,,,,,0xFF01FE,,,,,,,,,,,,,,,,,0xFF01EC,1.0,2,0,2,
782,0,"Crest",,,,,,,,,,,,,,,,0xFF01FE,,,,,,,,,,,,,,,,,0xFF01EC,1.0,2,0,3,
783,0,"Chonmage Long",,,,,,,,,,,,,,,,0xFF01FE,,,,,,,,,,,,,,,,,0xFF01EC,1.0,2,0,4,
784,0,"Braided",,,,,,,,,,,,,,,,0xFF01FE,,,,,,,,,,,,,,,,,0xFF01EC,1.0,2,0,5,
785,0,"Tail",,,,,,,,,,,,,,,,0xFF01FE,,,,,,,,,,,,,,,,,0xFF01EC,1.0,2,0,6,
794,2,"Clean",,,,,,,,,,,,,,,,0xFF01FE,,,,,,,,,,,,,,,,,0xFF01EC,0.75,2,0,0,
795,2,"Rough",,,,,,,,,,,,,,,,0xFF01FE,,,,,,,,,,,,,,,,,0xFF01EC,0.75,2,0,1,
796,2,"Groomed Beard",,,,,,,,,,,,,,,,0xFF01FE,,,,,,,,,,,,,,,,,0xFF01EC,0.75,2,0,2,
797,2,"Cropped Beard",,,,,,,,,,,,,,,,0xFF01FE,,,,,,,,,,,,,,,,,0xFF01EC,0.75,2,0,3,
798,2,"Wild Beard",,,,,,,,,,,,,,,,0xFF01FE,,,,,,,,,,,,,,,,,0xFF01EC,0.75,2,0,4,
799,2,"Thick Braid",,,,,,,,,,,,,,,,0xFF01FE,,,,,,,,,,,,,,,,,0xFF01EC,0.75,2,0,5,
800,2,"Twin Braids",,,,,,,,,,,,,,,,0xFF01FE,,,,,,,,,,,,,,,,,0xFF01EC,0.75,2,0,6,
801,2,"Chop Braids",,,,,,,,,,,,,,,,0xFF01FE,,,,,,,,,,,,,,,,,0xFF01EC,0.75,2,0,7,
802,2,"Thin Braid",,,,,,,,,,,,,,,,0xFF01FE,,,,,,,,,,,,,,,,,0xFF01EC,0.75,2,0,8,
803,2,"Chops",,,,,,,,,,,,,,,,0xFF01FE,,,,,,,,,,,,,,,,,0xFF01EC,0.75,2,0,9,
804,2,"Tufts",,,,,,,,,,,,,,,,0xFF01FE,,,,,,,,,,,,,,,,,0xFF01EC,0.75,2,0,10,
831,0,"Horned",,,,,,,,,,,,,,,,0xFF01FE,,,,,,,,,,,,,,,,,0xFF01EC,1.0,6,1,0,
832,0,"Low",,,,,,,,,,,,,,,,0xFF01FE,,,,,,,,,,,,,,,,,0xFF01EC,1.0,6,1,1,
833,0,"Long",,,,,,,,,,,,,,,,0xFF01FE,,,,,,,,,,,,,,,,,0xFF01EC,1.0,6,1,2,
834,0,"Upturned",,,,,,,,,,,,,,,,0xFF01FE,,,,,,,,,,,,,,,,,0xFF01EC,1.0,6,1,3,
835,0,"Small",,,,,,,,,,,,,,,,0xFF01FE,,,,,,,,,,,,,,,,,0xFF01EC,1.0,6,1,4,
836,0,"Wide",,,,,,,,,,,,,,,,0xFF01FE,,,,,,,,,,,,,,,,,0xFF01EC,1.0,6,1,5,
837,0,"Buffalo",,,,,,,,,,,,,,,,0xFF01FE,,,,,,,,,,,,,,,,,0xFF01EC,1.0,6,1,6,
841,2,"Maned",,,,,,,,,,,,,,,,0xFF01FE,,,,,,,,,,,,,,,,,0xFF01EC,0.75,6,1,0,
842,2,"Braids",,,,,,,,,,,,,,,,0xFF01FE,,,,,,,,,,,,,,,,,0xFF01EC,0.75,6,1,1,
843,2,"Loops",,,,,,,,,,,,,,,,0xFF01FE,,,,,,,,,,,,,,,,,0xFF01EC,0.75,6,1,2,
844,2,"Tails",,,,,,,,,,,,,,,,0xFF01FE,,,,,,,,,,,,,,,,,0xFF01EC,0.75,6,1,3,
845,2,"Tufts",,,,,,,,,,,,,,,,0xFF01FE,,,,,,,,,,,,,,,,,0xFF01EC,0.75,6,1,4,
861,0,"Long",,,,,,,,,,,,,,,,0xFF01FE,,,,,,,,,,,,,,,,,0xFF01EC,1.0,4,1,0,
862,0,"Loose Tail",,,,,,,,,,,,,,,,0xFF01FE,,,,,,,,,,,,,,,,,0xFF01EC,1.0,4,1,1,
863,0,"Short",,,,,,,,,,,,,,,,0xFF01FE,,,,,,,,,,,,,,,,,0xFF01EC,1.0,4,1,2,
864,0,"High Tail",,,,,,,,,,,,,,,,0xFF01FE,,,,,,,,,,,,,,,,,0xFF01EC,1.0,4,1,3,
865,0,"Braided Tails",,,,,,,,,,,,,,,,0xFF01FE,,,,,,,,,,,,,,,,,0xFF01EC,1.0,4,1,4,
866,0,"Short Tail",,,,,,,,,,,,,,,,0xFF01FE,,,,,,,,,,,,,,,,,0xFF01EC,1.0,4,1,5,
867,0,"Braided Tail",,,,,,,,,,,,,,,,0xFF01FE,,,,,,,,,,,,,,,,,0xFF01EC,1.0,4,1,6,
876,2,"Bear",,,,,,,,,,,,,,,,0xFF01FE,,,,,,,,,,,,,,,,,0xFF01EC,0.75,4,1,0,
877,2,"Blades",,,,,,,,,,,,,,,,0xFF01FE,,,,,,,,,,,,,,,,,0xFF01EC,0.75,4,1,1,
878,2,"Crane",,,,,,,,,,,,,,,,0xFF01FE,,,,,,,,,,,,,,,,,0xFF01EC,0.75,4,1,2,
879,2,"Leaf",,,,,,,,,,,,,,,,0xFF01FE,,,,,,,,,,,,,,,,,0xFF01EC,0.75,4,1,3,
880,2,"Claws",,,,,,,,,,,,,,,,0xFF01FE,,,,,,,,,,,,,,,,,0xFF01EC,0.75,4,1,4,
881,2,"Wings",,,,,,,,,,,,,,,,0xFF01FE,,,,,,,,,,,,,,,,,0xFF01EC,0.75,4,1,5,
882,2,"Serpent",,,,,,,,,,,,,,,,0xFF01FE,,,,,,,,,,,,,,,,,0xFF01EC,0.75,4,1,6,
883,2,"Owl",,,,,,,,,,,,,,,,0xFF01FE,,,,,,,,,,,,,,,,,0xFF01EC,0.75,4,1,7,
884,2,"Shadow",,,,,,,,,,,,,,,,0xFF01FE,,,,,,,,,,,,,,,,,0xFF01EC,0.75,4,1,8,
885,2,"No Tattoo",,,,,,,,,,,,,,,,0xFF01FE,,,,,,,,,,,,,,,,,0xFF01EC,0.75,4,1,9,
911,0,"Bald",,,,,,,,,,,,,,,,0xFF01FE,,,,,,,,,,,,,,,,,0xFF01EC,1.0,8,0,0,
912,0,"Receding",,,,,,,,,,,,,,,,0xFF01FE,,,,,,,,,,,,,,,,,0xFF01EC,1.0,8,0,1,
913,0,"Crest",,,,,,,,,,,,,,,,0xFF01FE,,,,,,,,,,,,,,,,,0xFF01EC,1.0,8,0,2,
914,0,"Windswept",,,,,,,,,,,,,,,,0xFF01FE,,,,,,,,,,,,,,,,,0xFF01EC,1.0,8,0,3,
915,0,"Topknot",,,,,,,,,,,,,,,,0xFF01FE,,,,,,,,,,,,,,,,,0xFF01EC,1.0,8,0,4,
916,0,"Tail",,,,,,,,,,,,,,,,0xFF01FE,,,,,,,,,,,,,,,,,0xFF01EC,1.0,8,0,5,
927,2,"Tusked",,,,,,,,,,,,,,,,0xFF01FE,,,,,,,,,,,,,,,,,0xFF01EC,0.75,8,0,0,
928,2,"Gougers",,,,,,,,,,,,,,,,0xFF01FE,,,,,,,,,,,,,,,,,0xFF01EC,0.75,8,0,1,
929,2,"Mammoth",,,,,,,,,,,,,,,,0xFF01FE,,,,,,,,,,,,,,,,,0xFF01EC,0.75,8,0,2,
930,2,"Upturned",,,,,,,,,,,,,,,,0xFF01FE,,,,,,,,,,,,,,,,,0xFF01EC,0.75,8,0,3,
931,2,"Bridle",,,,,,,,,,,,,,,,0xFF01FE,,,,,,,,,,,,,,,,,0xFF01EC,0.75,8,0,4,
932,2,"Tusked Mask",,,,,,,,,,,,,,,,0xFF01FE,,,,,,,,,,,,,,,,,0xFF01EC,0.75,8,0,5,
933,2,"Warpaint Gougers",,,,,,,,,,,,,,,,0xFF01FE,,,,,,,,,,,,,,,,,0xFF01EC,0.75,8,0,6,
934,2,"Striped Mammoth",,,,,,,,,,,,,,,,0xFF01FE,,,,,,,,,,,,,,,,,0xFF01EC,0.75,8,0,7,
935,2,"Painted Upturned",,,,,,,,,,,,,,,,0xFF01FE,,,,,,,,,,,,,,,,,0xFF01EC,0.75,8,0,8,
936,2,"Painted Bridle",,,,,,,,,,,,,,,,0xFF01FE,,,,,,,,,,,,,,,,,0xFF01EC,0.75,8,0,9,
937,2,"Spotted Mammoth",,,,,,,,,,,,,,,,0xFF01FE,,,,,,,,,,,,,,,,,0xFF01EC,0.75,8,0,10,
965,0,"Braids",,,,,,,,,,,,,,,,0xFF01FE,,,,,,,,,,,,,,,,,0xFF01EC,1.0,8,1,0,
966,0,"High Tail",,,,,,,,,,,,,,,,0xFF01FE,,,,,,,,,,,,,,,,,0xFF01EC,1.0,8,1,1,
967,0,"Swept Braids",,,,,,,,,,,,,,,,0xFF01FE,,,,,,,,,,,,,,,,,0xFF01EC,1.0,8,1,2,
968,0,"Topknot",,,,,,,,,,,,,,,,0xFF01FE,,,,,,,,,,,,,,,,,0xFF01EC,1.0,8,1,3,
969,0,"Braided Crest",,,,,,,,,,,,,,,,0xFF01FE,,,,,,,,,,,,,,,,,0xFF01EC,1.0,8,1,4,
980,2,"Nibblers",,,,,,,,,,,,,,,,0xFF01FE,,,,,,,,,,,,,,,,,0xFF01EC,0.75,8,1,0,
981,2,"Short",,,,,,,,,,,,,,,,0xFF01FE,,,,,,,,,,,,,,,,,0xFF01EC,0.75,8,1,1,
982,2,"Straight",,,,,,,,,,,,,,,,0xFF01FE,,,,,,,,,,,,,,,,,0xFF01EC,0.75,8,1,2,
983,2,"Upturned",,,,,,,,,,,,,,,,0xFF01FE,,,,,,,,,,,,,,,,,0xFF01EC,0.75,8,1,3,
984,2,"Long",,,,,,,,,,,,,,,,0xFF01FE,,,,,,,,,,,,,,,,,0xFF01EC,0.75,8,1,4,
985,2,"Oni",,,,,,,,,,,,,,,,0xFF01FE,,,,,,,,,,,,,,,,,0xFF01EC,0.75,8,1,5,
1012,0,"Prince",,,,,,,,,,,,,,,,0xFF01FE,,,,,,,,,,,,,,,,,0x39FF97FC,1.0,1,0,12,
1013,0,"Spikes",,,,,,,,,,,,,,,,0xFF01FE,,,,,,,,,,,,,,,,,0x39FF97FC,1.0,1,0,13,
1014,0,"Swept",,,,,,,,,,,,,,,,0xFF01FE,,,,,,,,,,,,,,,,,0x39FF97FC,1.0,1,0,14,
1015,0,"Foxtail",,,,,,,,,,,,,,,,0xFF01FE,,,,,,,,,,,,,,,,,0x39FF97FC,1.0,1,0,15,
1016,0,"Slicked",,,,,,,,,,,,,,,,0xFF01FE,,,,,,,,,,,,,,,,,0x39FF97FC,1.0,1,0,16,
1017,0,"Styled",,,,,,,,,,,,,,,,0xFF01FE,,,,,,,,,,,,,,,,,0x2BFFEDEE,1.0,10,1,14,
1018,0,"Elaborate",,,,,,,,,,,,,,,,0xFF01FE,,,,,,,,,,,,,,,,,0x2BFFEDEE,1.0,10,1,15,
1019,0,"Nape",,,,,,,,,,,,,,,,0xFF01FE,,,,,,,,,,,,,,,,,0x2BFFEDEE,1.0,10,1,16,
1020,0,"Boar Tails",,,,,,,,,,,,,,,,0xFF01FE,,,,,,,,,,,,,,,,,0x2BFFEDEE,1.0,10,1,17,
1021,0,"Bangs",,,,,,,,,,,,,,,,0xFF01FE,,,,,,,,,,,,,,,,,0x2BFFEDEE,1.0,10,1,18,
1022,2,"Unpierced",,,,,,,,,,,,,,,,0xFF01FE,,,,,,,,,,,,,,,,,0x2BFFEDEE,0.75,10,1,0,
1029,0,"Mane",,,,,,,,,,,,,,,,0xFF01FE,,,,,,,,,,,,,,,,,0xFF01EC,1.0,10,0,11,
1030,0,"Chonmage Braids",,,,,,,,,,,,,,,,0xFF01FE,,,,,,,,,,,,,,,,,0x11FFB7FC,1.0,10,0,12,
1031,0,"Tail",,,,,,,,,,,,,,,,0xFF01FE,,,,,,,,,,,,,,,,,0x11FFB7FC,1.0,10,0,13,
1032,0,"Windswept",,,,,,,,,,,,,,,,0xFF01FE,,,,,,,,,,,,,,,,,0x11FFB7FC,1.0,10,0,14,
1033,0,"Chonmage Long",,,,,,,,,,,,,,,,0xFF01FE,,,,,,,,,,,,,,,,,0x11FFB7FC,1.0,10,0,15,
1034,0,"Spiked",,,,,,,,,,,,,,,,0xFF01FE,,,,,,,,,,,,,,,,,0x11FFB7FC,1.0,11,0,9,
1035,0,"Backspike",,,,,,,,,,,,,,,,0xFF01FE,,,,,,,,,,,,,,,,,0x11FFB7FC,1.0,11,0,10,
1036,0,"Horned Foxtail",,,,,,,,,,,,,,,,0xFF01FE,,,,,,,,,,,,,,,,,0x11FFB7FC,1.0,11,0,11,
1037,0,"Topknot",,,,,,,,,,,,,,,,0xFF01FE,,,,,,,,,,,,,,,,,0x11FFB7FC,1.0,11,0,12,
1038,0,"Emo",,,,,,,,,,,,,,,,0xFF01FE,,,,,,,,,,,,,,,,,0x11FFB7FC,1.0,11,0,13,
1039,0,"Hairband",,,,,,,,,,,,,,,,0xFF01FE,,,,,,,,,,,,,,,,,0x11FFB7FC,1.0,11,1,11,
1040,0,"Trouble",,,,,,,,,,,,,,,,0xFF01FE,,,,,,,,,,,,,,,,,0x11FFB7FC,1.0,11,1,12,
1041,0,"Shy",,,,,,,,,,,,,,,,0xFF01FE,,,,,,,,,,,,,,,,,0x11FFB7FC,1.0,11,1,13,
1042,0,"High Tail",,,,,,,,,,,,,,,,0xFF01FE,,,,,,,,,,,,,,,,,0x11FFB7FC,1.0,11,1,14,
1043,0,"Soaked",,,,,,,,,,,,,,,,0xFF01FE,,,,,,,,,,,,,,,,,0x11FFB7FC,1.0,11,1,15,
1044,0,"Barbarian",,,,,,,,,,,,,,,,0xFF01FE,,,,,,,,,,,,,,,,,0x11FFB7FC,1.0,3,0,11,
1045,0,"Soldier",,,,,,,,,,,,,,,,0xFF01FE,,,,,,,,,,,,,,,,,0x11FFB7FC,1.0,3,0,12,
1046,0,"Scholar",,,,,,,,,,,,,,,,0xFF01FE,,,,,,,,,,,,,,,,,0x11FFB7FC,1.0,3,0,13,
1047,0,"Laurel Wreath",,,,,,,,,,,,,,,,0xFF01FE,,,,,,,,,,,,,,,,,0x11FFB7FC,1.0,3,0,14,
1048,0,"Fabulous",,,,,,,,,,,,,,,,0xFF01FE,,,,,,,,,,,,,,,,,0x11FFB7FC,1.0,3,0,15,
1049,0,"Bun",,,,,,,,,,,,,,,,0xFF01FE,,,,,,,,,,,,,,,,,0x11FFB7FC,1.0,3,1,14,
1050,0,"Flirty",,,,,,,,,,,,,,,,0xFF01FE,,,,,,,,,,,,,,,,,0x11FFB7FC,1.0,3,1,15,
1051,0,"Waved Bob",,,,,,,,,,,,,,,,0xFF01FE,,,,,,,,,,,,,,,,,0x11FFB7FC,1.0,3,1,16,
1052,0,"Braided Tails",,,,,,,,,,,,,,,,0xFF01FE,,,,,,,,,,,,,,,,,0x11FFB7FC,1.0,3,1,17,
1053,0,"Braided Tail",,,,,,,,,,,,,,,,0xFF01FE,,,,,,,,,,,,,,,,,0x11FFB7FC,1.0,3,1,18,
1054,0,"Windswept",,,,,,,,,,,,,,,,0xFF01FE,,,,,,,,,,,,,,,,,0x11FFB7FC,1.0,7,0,7,
1055,0,"Shaggy",,,,,,,,,,,,,,,,0xFF01FE,,,,,,,,,,,,,,,,,0x11FFB7FC,1.0,7,0,8,
1056,0,"Mohawk",,,,,,,,,,,,,,,,0xFF01FE,,,,,,,,,,,,,,,,,0x11FFB7FC,1.0,7,0,9,
1057,0,"Loose",,,,,,,,,,,,,,,,0xFF01FE,,,,,,,,,,,,,,,,,0x11FFB7FC,1.0,7,0,10,
1058,0,"Wild",,,,,,,,,,,,,,,,0xFF01FE,,,,,,,,,,,,,,,,,0x11FFB7FC,1.0,7,0,11,
1059,0,"Short",,,,,,,,,,,,,,,,0xFF01FE,,,,,,,,,,,,,,,,,0x11FFB7FC,1.0,7,1,7,
1060,0,"Cute",,,,,,,,,,,,,,,,0xFF01FE,,,,,,,,,,,,,,,,,0x11FFB7FC,1.0,7,1,8,
1061,0,"Tail",,,,,,,,,,,,,,,,0xFF01FE,,,,,,,,,,,,,,,,,0x11FFB7FC,1.0,7,1,9,
1062,0,"Looped",,,,,,,,,,,,,,,,0xFF01FE,,,,,,,,,,,,,,,,,0x11FFB7FC,1.0,7,1,10,
1063,0,"Tied",,,,,,,,,,,,,,,,0xFF01FE,,,,,,,,,,,,,,,,,0x11FFB7FC,1.0,7,1,11,
1064,0,"Slicked",,,,,,,,,,,,,,,,0xFF01FE,,,,,,,,,,,,,,,,,0xD3FF83FE,1.0,1,1,19,
1065,0,"Styled",,,,,,,,,,,,,,,,0xFF01FE,,,,,,,,,,,,,,,,,0xD3FF83FE,1.0,1,1,20,
1066,0,"Curled",,,,,,,,,,,,,,,,0xFF01FE,,,,,,,,,,,,,,,,,0xD3FF83FE,1.0,1,1,21,
1067,0,"Raquel",,,,,,,,,,,,,,,,0xFF01FE,,,,,,,,,,,,,,,,,0xD3FF83FE,1.0,1,1,22,
1068,0,"Simple",,,,,,,,,,,,,,,,0xFF01FE,,,,,,,,,,,,,,,,,0xD3FF83FE,1.0,1,1,23,
1069,0,"Short Braided Tail",,,,,,,,,,,,,,,,0xFF01FE,,,,,,,,,,,,,,,,,0xD3FF83FE,1.0,4,0,7,
1070,0,"Wild",,,,,,,,,,,,,,,,0xFF01FE,,,,,,,,,,,,,,,,,0xD3FF83FE,1.0,4,0,8,
1071,0,"Braided Tail",,,,,,,,,,,,,,,,0xFF01FE,,,,,,,,,,,,,,,,,0xD3FF83FE,1.0,4,0,9,
1072,0,"Mohawk",,,,,,,,,,,,,,,,0xFF01FE,,,,,,,,,,,,,,,,,0xD3FF83FE,1.0,4,0,10,
1073,0,"Long Braided Tail",,,,,,,,,,,,,,,,0xFF01FE,,,,,,,,,,,,,,,,,0xD3FF83FE,1.0,4,0,11,
1074,0,"Hairband",,,,,,,,,,,,,,,,0xFF01FE,,,,,,,,,,,,,,,,,0xD3FF83FE,1.0,4,1,7,
1075,0,"Soaked",,,,,,,,,,,,,,,,0xFF01FE,,,,,,,,,,,,,,,,,0xD3FF83FE,1.0,4,1,8,
1076,0,"Tomboy",,,,,,,,,,,,,,,,0xFF01FE,,,,,,,,,,,,,,,,,0xD3FF83FE,1.0,4,1,9,
1077,0,"Gathered",,,,,,,,,,,,,,,,0xFF01FE,,,,,,,,,,,,,,,,,0xD3FF83FE,1.0,4,1,10,
1078,0,"Looped",,,,,,,,,,,,,,,,0xFF01FE,,,,,,,,,,,,,,,,,0xD3FF83FE,1.0,4,1,11,
1079,0,"Spiked",,,,,,,,,,,,,,,,0xFF01FE,,,,,,,,,,,,,,,,,0xD3FF83FE,1.0,2,0,7,
1080,0,"Mohawk",,,,,,,,,,,,,,,,0xFF01FE,,,,,,,,,,,,,,,,,0xD3FF83FE,1.0,2,0,8,
1081,0,"Slicked Topknot",,,,,,,,,,,,,,,,0xFF01FE,,,,,,,,,,,,,,,,,0xD3FF83FE,1.0,2,0,9,
1082,0,"Long",,,,,,,,,,,,,,,,0xFF01FE,,,,,,,,,,,,,,,,,0xFEFFCFED,1.0,2,0,10,
1083,0,"Wild",,,,,,,,,,,,,,,,0xFF01FE,,,,,,,,,,,,,,,,,0xFEFFCFED,1.0,2,0,11,
1084,0,"Wild",,,,,,,,,,,,,,,,0xFF01FE,,,,,,,,,,,,,,,,,0xFEFFCFED,1.0,2,1,8,
1085,0,"Styled",,,,,,,,,,,,,,,,0xFF01FE,,,,,,,,,,,,,,,,,0xFEFFCFED,1.0,2,1,9,
1086,0,"Tomboy",,,,,,,,,,,,,,,,0xFF01FE,,,,,,,,,,,,,,,,,0xFEFFCFED,1.0,2,1,10,
1087,0,"Flipped",,,,,,,,,,,,,,,,0xFF01FE,,,,,,,,,,,,,,,,,0xFEFFCFED,1.0,2,1,11,
1088,0,"Tipped",,,,,,,,,,,,,,,,0xFF01FE,,,,,,,,,,,,,,,,,0xFEFFCFED,1.0,6,0,8,
1089,0,"Curled",,,,,,,,,,,,,,,,0xFF01FE,,,,,,,,,,,,,,,,,0xFEFFCFED,1.0,6,0,9,
1090,0,"Capped",,,,,,,,,,,,,,,,0xFF01FE,,,,,,,,,,,,,,,,,0xFEFFCFED,1.0,6,0,10,
1091,0,"Lyre",,,,,,,,,,,,,,,,0xFF01FE,,,,,,,,,,,,,,,,,0xFEFFCFED,1.0,6,0,11,
1092,0,"Ringed",,,,,,,,,,,,,,,,0xFF01FE,,,,,,,,,,,,,,,,,0xFEFFCFED,1.0,6,0,12,
1093,0,"Charger",,,,,,,,,,,,,,,,0xFF01FE,,,,,,,,,,,,,,,,,0xFEFFCFED,1.0,6,1,7,
1094,0,"Snapped",,,,,,,,,,,,,,,,0xFF01FE,,,,,,,,,,,,,,,,,0xFEFFCFED,1.0,6,1,8,
1095,0,"Gougers",,,,,,,,,,,,,,,,0xFF01FE,,,,,,,,,,,,,,,,,0xFEFFCFED,1.0,6,1,9,
1096,0,"Close",,,,,,,,,,,,,,,,0xFF01FE,,,,,,,,,,,,,,,,,0xFEFFCFED,1.0,6,1,10,
1097,0,"Stubs",,,,,,,,,,,,,,,,0xFF01FE,,,,,,,,,,,,,,,,,0xFEFFCFED,1.0,6,1,11,
1098,0,"Braids",,,,,,,,,,,,,,,,0xFF01FE,,,,,,,,,,,,,,,,,0xFEFFCFED,1.0,8,0,6,
1099,0,"Plume",,,,,,,,,,,,,,,,0xFF01FE,,,,,,,,,,,,,,,,,0xFEFFCFED,1.0,8,0,7,
1100,0,"Scruffy",,,,,,,,,,,,,,,,0xFF01FE,,,,,,,,,,,,,,,,,0xFEFFCFED,1.0,8,0,8,
1101,0,"Mohawk",,,,,,,,,,,,,,,,0xFF01FE,,,,,,,,,,,,,,,,,0xFEFFCFED,1.0,8,0,9,
1102,0,"Jungle Flower",,,,,,,,,,,,,,,,0xFF01FE,,,,,,,,,,,,,,,,,0xFEFFCFED,1.0,8,1,5,
1103,0,"Wrapped Braid",,,,,,,,,,,,,,,,0xFF01FE,,,,,,,,,,,,,,,,,0xFEFFCFED,1.0,8,1,6,
1104,0,"Mohawk",,,,,,,,,,,,,,,,0xFF01FE,,,,,,,,,,,,,,,,,0xFEFFCFED,1.0,8,1,7,
1105,0,"Mota",,,,,,,,,,,,,,,,0xFF01FE,,,,,,,,,,,,,,,,,0xFEFFCFED,1.0,8,1,8,
1106,0,"Fauxhawk",,,,,,,,,,,,,,,,0xFF01FE,,,,,,,,,,,,,,,,,0xFEFFCFED,1.0,8,1,9,
1107,0,"Swept",,,,,,,,,,,,,,,,0xFF01FE,,,,,,,,,,,,,,,,,0xFEFFCFED,1.0,5,0,10,
1108,0,"Monk",,,,,,,,,,,,,,,,0xFF01FE,,,,,,,,,,,,,,,,,0xFEFFCFED,1.0,5,0,11,
1109,0,"High",,,,,,,,,,,,,,,,0xFF01FE,,,,,,,,,,,,,,,,,0xFEFFCFED,1.0,5,0,12,
1110,0,"Barbarian",,,,,,,,,,,,,,,,0xFF01FE,,,,,,,,,,,,,,,,,0xFEFFCFED,1.0,5,0,13,
1111,0,"Short",,,,,,,,,,,,,,,,0xFF01FE,,,,,,,,,,,,,,,,,0xFEFFCFED,1.0,5,0,14,
1112,0,"Boar Tails",,,,,,,,,,,,,,,,0xFF01FE,,,,,,,,,,,,,,,,,0xFEFFCFED,1.0,5,1,10,
1113,0,"Parted",,,,,,,,,,,,,,,,0xFF01FE,,,,,,,,,,,,,,,,,0xFEFFCFED,1.0,5,1,11,
1114,0,"Short",,,,,,,,,,,,,,,,0xFF01FE,,,,,,,,,,,,,,,,,0xFEFFCFED,1.0,5,1,12,
1115,0,"Unkept",,,,,,,,,,,,,,,,0xFF01FE,,,,,,,,,,,,,,,,,0xFEFFCFED,1.0,5,1,13,
1116,0,"Sprouts",,,,,,,,,,,,,,,,0xFF01FE,,,,,,,,,,,,,,,,,0xFEFFCFED,1.0,5,1,14,
1117,0,"Long",,,,,,,,,,,,,,,,0xFF01FE,,,,,,,,,,,,,,,,,0x92FF1FFC,1.0,2,1,12,
1120,3,"",,,,,,,,,,,,,,,,0xFF01EC,,,,,,,,,,,,,,,,,0xFF01EC,0.5,6,0,0,
1121,3,"",,,,,,,,,,,,,,,,0xFF01EC,,,,,,,,,,,,,,,,,0xFF01EC,0.5,6,0,1,
1122,3,"",,,,,,,,,,,,,,,,0xFF01EC,,,,,,,,,,,,,,,,,0xFF01EC,0.5,6,0,2,
1123,3,"",,,,,,,,,,,,,,,,0xFF01EC,,,,,,,,,,,,,,,,,0xFF01EC,0.5,6,0,3,
1124,3,"",,,,,,,,,,,,,,,,0xFF01EC,,,,,,,,,,,,,,,,,0xFF01EC,0.5,6,0,4,
1125,3,"",,,,,,,,,,,,,,,,0xFF01EC,,,,,,,,,,,,,,,,,0xFF01EC,0.5,6,0,5,
1126,3,"",,,,,,,,,,,,,,,,0xFF01EC,,,,,,,,,,,,,,,,,0xFF01EC,0.5,6,0,6,
1127,3,"",,,,,,,,,,,,,,,,0xFF01EC,,,,,,,,,,,,,,,,,0xFF01EC,0.5,6,0,7,
1128,3,"",,,,,,,,,,,,,,,,0xFF01EC,,,,,,,,,,,,,,,,,0xFF01EC,0.5,6,0,8,
1129,3,"",,,,,,,,,,,,,,,,0xFF01EC,,,,,,,,,,,,,,,,,0xFF01EC,0.5,6,0,9,
1130,3,"",,,,,,,,,,,,,,,,0xFF01EC,,,,,,,,,,,,,,,,,0xFF01EC,0.5,6,0,10,
1131,3,"",,,,,,,,,,,,,,,,0xFF01EC,,,,,,,,,,,,,,,,,0xFF01EC,0.5,6,0,11,
1132,3,"",,,,,,,,,,,,,,,,0xFF01EC,,,,,,,,,,,,,,,,,0xFF01EC,0.5,6,0,12,
1133,3,"",,,,,,,,,,,,,,,,0xFF01EC,,,,,,,,,,,,,,,,,0xFF01EC,0.5,6,0,13,
1134,3,"",,,,,,,,,,,,,,,,0xFF01EC,,,,,,,,,,,,,,,,,0xFF01EC,0.5,6,0,14,
1135,3,"",,,,,,,,,,,,,,,,0xFF01EC,,,,,,,,,,,,,,,,,0xFF01EC,0.5,6,0,15,
1136,3,"",,,,,,,,,,,,,,,,0xFF01EC,,,,,,,,,,,,,,,,,0xFF01EC,0.5,6,0,16,
1137,3,"",,,,,,,,,,,,,,,,0xFF01EC,,,,,,,,,,,,,,,,,0xFF01EC,0.5,6,0,17,
1138,3,"",,,,,,,,,,,,,,,,0xFF01EC,,,,,,,,,,,,,,,,,0xFF01EC,0.5,6,0,18,
1139,3,"",,,,,,,,,,,,,,,,0xFF01EC,,,,,,,,,,,,,,,,,0xFF01EC,0.5,6,1,0,
1140,3,"",,,,,,,,,,,,,,,,0xFF01EC,,,,,,,,,,,,,,,,,0xFF01EC,0.5,6,1,1,
1141,3,"",,,,,,,,,,,,,,,,0xFF01EC,,,,,,,,,,,,,,,,,0xFF01EC,0.5,6,1,2,
1142,3,"",,,,,,,,,,,,,,,,0xFF01EC,,,,,,,,,,,,,,,,,0xFF01EC,0.5,6,1,3,
1143,3,"",,,,,,,,,,,,,,,,0xFF01EC,,,,,,,,,,,,,,,,,0xFF01EC,0.5,6,1,4,
1144,3,"",,,,,,,,,,,,,,,,0xFF01EC,,,,,,,,,,,,,,,,,0xFF01EC,0.5,6,1,5,
1145,3,"",,,,,,,,,,,,,,,,0xFF01EC,,,,,,,,,,,,,,,,,0xFF01EC,0.5,6,1,6,
1146,3,"",,,,,,,,,,,,,,,,0xFF01EC,,,,,,,,,,,,,,,,,0xFF01EC,0.5,6,1,7,
1147,3,"",,,,,,,,,,,,,,,,0xFF01EC,,,,,,,,,,,,,,,,,0xFF01EC,0.5,6,1,8,
1148,3,"",,,,,,,,,,,,,,,,0xFF01EC,,,,,,,,,,,,,,,,,0xFF01EC,0.5,6,1,9,
1149,3,"",,,,,,,,,,,,,,,,0xFF01EC,,,,,,,,,,,,,,,,,0xFF01EC,0.5,6,1,10,
